{"name":"733431fb-7817-40f8-9650-c28725b5de73","id":"/providers/Microsoft.Flow/flows/733431fb-7817-40f8-9650-c28725b5de73","type":"Microsoft.Flow/flows","properties":{"apiId":"/providers/Microsoft.PowerApps/apis/shared_logicflows","displayName":"Adoption Hub - Import Training Schedule","definition":{"metadata":{"workflowEntityId":null,"processAdvisorMetadata":null,"flowclientsuspensionreason":"None","flowclientsuspensiontime":null,"creator":{"id":"77068fdf-a8f5-4926-aef8-d968a8a30a77","type":"User","tenantId":"37d37078-521c-416f-8887-3ed3d4e17d04"},"provisioningMethod":"FromDefinition","failureAlertSubscription":true,"clientLastModifiedTime":"2021-05-20T00:27:17.5528677Z"},"$schema":"https://schema.management.azure.com/providers/Microsoft.Logic/schemas/2016-06-01/workflowdefinition.json#","contentVersion":"1.0.0.0","parameters":{"$connections":{"defaultValue":{},"type":"Object"},"$authentication":{"defaultValue":{},"type":"SecureObject"}},"triggers":{"manual":{"type":"Request","kind":"Button","inputs":{"schema":{"type":"object","properties":{},"required":[]}}}},"actions":{"Get_current_list_of_training_sessions_from_SharePoint":{"runAfter":{},"type":"OpenApiConnection","inputs":{"host":{"apiId":"/providers/Microsoft.PowerApps/apis/shared_sharepointonline","connectionName":"shared_sharepointonline","operationId":"GetItems"},"parameters":{"dataset":"https://m365x123714.sharepoint.com/sites/M365LP","table":"9cdf240d-2034-4c24-bf3b-ff0b98c7f75e"},"authentication":{"value":"@json(decodeBase64(triggerOutputs().headers['X-MS-APIM-Tokens']))['$ConnectionKey']","type":"Raw"}}},"Delete_current_list_of_training_sessions_from_SharePoint":{"foreach":"@outputs('Get_current_list_of_training_sessions_from_SharePoint')?['body/value']","actions":{"Delete_item":{"runAfter":{},"type":"OpenApiConnection","inputs":{"host":{"apiId":"/providers/Microsoft.PowerApps/apis/shared_sharepointonline","connectionName":"shared_sharepointonline","operationId":"DeleteItem"},"parameters":{"dataset":"https://m365x123714.sharepoint.com/sites/M365LP","table":"9cdf240d-2034-4c24-bf3b-ff0b98c7f75e","id":"@items('Delete_current_list_of_training_sessions_from_SharePoint')?['ID']"},"authentication":{"value":"@json(decodeBase64(triggerOutputs().headers['X-MS-APIM-Tokens']))['$ConnectionKey']","type":"Raw"}}}},"runAfter":{"Get_current_list_of_training_sessions_from_SharePoint":["Succeeded"]},"type":"Foreach"},"List_rows_present_in_a_table":{"runAfter":{"Delete_current_list_of_training_sessions_from_SharePoint":["Succeeded"]},"metadata":{"01X6HU3XUMBW7P3NIT3ZAYSSEQJ573SKYC":"/Instructor Led Training Sessions/Registration Links for Adoption Hub.xlsx","tableId":"{D89C21EF-D444-4DB4-8B62-F78C210C2D8E}","01X6HU3XSQCSI64HPMPZH2PU7VRS5HYKHM":"/Instructor Led Training Sessions/Registration Links for Adoption Hub - May.xlsx","01X6HU3XRKREAH7HTGO5AL7M2NRNCKWRBM":"/Instructor Led Training Sessions/Training Schedule - Import.xlsx"},"type":"OpenApiConnection","inputs":{"host":{"apiId":"/providers/Microsoft.PowerApps/apis/shared_excelonlinebusiness","connectionName":"shared_excelonlinebusiness","operationId":"GetItems"},"parameters":{"source":"me","drive":"b!KR_k7t6UREiyJ1_Uu6l-LtKSL8PjLehImMVNBpdlHF1gax2HauWjQp4OwhHesVAR","file":"01X6HU3XRKREAH7HTGO5AL7M2NRNCKWRBM","table":"{9B31876D-0D48-48A6-9179-AB655935E6E8}"},"authentication":{"value":"@json(decodeBase64(triggerOutputs().headers['X-MS-APIM-Tokens']))['$ConnectionKey']","type":"Raw"}}},"Apply_to_each":{"foreach":"@outputs('List_rows_present_in_a_table')?['body/value']","actions":{"Create_item":{"runAfter":{},"type":"OpenApiConnection","inputs":{"host":{"apiId":"/providers/Microsoft.PowerApps/apis/shared_sharepointonline","connectionName":"shared_sharepointonline","operationId":"PostItem"},"parameters":{"dataset":"https://m365x123714.sharepoint.com/sites/M365LP","table":"9cdf240d-2034-4c24-bf3b-ff0b98c7f75e","item/Title":"@items('Apply_to_each')?['Title']","item/Date":"@items('Apply_to_each')?['Date']","item/Time":"@items('Apply_to_each')?['Time']","item/Register":"@items('Apply_to_each')?['Register']"},"authentication":{"value":"@json(decodeBase64(triggerOutputs().headers['X-MS-APIM-Tokens']))['$ConnectionKey']","type":"Raw"}}}},"runAfter":{"List_rows_present_in_a_table":["Succeeded"]},"type":"Foreach"}}},"connectionReferences":{"shared_sharepointonline":{"connectionName":"shared-sharepointonl-ad9d2d36-c90e-438c-a6b7-7549-b62cc39e","source":"Invoker","id":"/providers/Microsoft.PowerApps/apis/shared_sharepointonline","tier":"NotSpecified"},"shared_excelonlinebusiness":{"connectionName":"shared-excelonlinebu-c372913c-758a-42f6-a83c-a9fe-7bf3ccb5","source":"Invoker","id":"/providers/Microsoft.PowerApps/apis/shared_excelonlinebusiness","tier":"NotSpecified"}},"flowFailureAlertSubscribed":false}}