{"name":"c74d78ef-f429-4f77-a1a3-0e4d374a4136","id":"/providers/Microsoft.Flow/flows/c74d78ef-f429-4f77-a1a3-0e4d374a4136","type":"Microsoft.Flow/flows","properties":{"apiId":"/providers/Microsoft.PowerApps/apis/shared_logicflows","displayName":"Adoption App - Update CST Trainings List","definition":{"metadata":{"workflowEntityId":null,"flowclientsuspensionreason":"None","flowclientsuspensiontime":null,"creator":{"id":"3c53f935-9275-486a-9234-12a6cb01e3fb","type":"User","tenantId":"078af07b-e5a1-4269-8b3c-aa6d490a50ce"},"provisioningMethod":"FromDefinition","failureAlertSubscription":true,"clientLastModifiedTime":"2020-12-15T03:41:14.8203854Z"},"$schema":"https://schema.management.azure.com/providers/Microsoft.Logic/schemas/2016-06-01/workflowdefinition.json#","contentVersion":"1.0.0.0","parameters":{"$connections":{"defaultValue":{},"type":"Object"},"$authentication":{"defaultValue":{},"type":"SecureObject"}},"staticResults":{"Get_rows0":{"status":"Succeeded","outputs":{"statusCode":"OK","headers":{}}}},"triggers":{"manual":{"type":"Request","kind":"Button","inputs":{"schema":{"type":"object","properties":{},"required":[]}}}},"actions":{"Get_rows":{"runAfter":{"Delete_SPO_List":["Succeeded"]},"metadata":{"b!n3gwWhXtsEWymW4CGKX_r-7wb38zNq1NkVcAJNxNvPerOXzD4PLTTJ6nBZE-2EsZ.01P2UINXM6NLFH3QNA7BG3EE2F2UTCYHDK":"/MicrosoftTraining/Evolent Health Registration links.xlsx","flowSystemMetadata":{"swaggerOperationId":"GetItems"},"b!8f_FPS81eU-xpVumpsmp1H5Ubv0xxY1In8VsjblQq2H2wBTkrrA3T4FoTMPtg_pG.017LWB4TBMFTLA2I74LJDY54ENGQ4TZZD2":"/Hackathon/Hackathon CST Training.xlsx","b!8f_FPS81eU-xpVumpsmp1H5Ubv0xxY1In8VsjblQq2H2wBTkrrA3T4FoTMPtg_pG.017LWB4TCS6MVEQMPDKFGJDFDJUWPYQWR5":"/Hackathon/ACTIVE_CST Training Schedule.xlsx"},"type":"ApiConnection","inputs":{"host":{"connection":{"name":"@json(decodeBase64(triggerOutputs().headers['X-MS-APIM-Tokens']))['$connections']['shared_excel_1']['connectionId']"},"api":{"runtimeUrl":"https://unitedstates-002.azure-apim.net/apim/excel"}},"method":"get","path":"/datasets/@{encodeURIComponent(encodeURIComponent('b!8f_FPS81eU-xpVumpsmp1H5Ubv0xxY1In8VsjblQq2H2wBTkrrA3T4FoTMPtg_pG.017LWB4TCS6MVEQMPDKFGJDFDJUWPYQWR5'))}/tables/@{encodeURIComponent(encodeURIComponent('Table3'))}/items","authentication":{"type":"Raw","value":"@json(decodeBase64(triggerOutputs().headers['X-MS-APIM-Tokens']))['$ConnectionKey']"}},"runtimeConfiguration":{"staticResult":{"staticResultOptions":"Disabled","name":"Get_rows0"}}},"Create_SPO_List":{"foreach":"@body('Get_rows')?['value']","actions":{"Create_item":{"runAfter":{},"metadata":{"flowSystemMetadata":{"swaggerOperationId":"PostItem"}},"type":"ApiConnection","inputs":{"host":{"connection":{"name":"@json(decodeBase64(triggerOutputs().headers['X-MS-APIM-Tokens']))['$connections']['shared_sharepointonline']['connectionId']"},"api":{"runtimeUrl":"https://unitedstates-002.azure-apim.net/apim/sharepointonline"}},"method":"post","body":{"Title":"@items('Create_SPO_List')?['Title']","DateandTime":"@items('Create_SPO_List')?['Date']","StartTime":"@items('Create_SPO_List')?['Time']","Register":"@items('Create_SPO_List')?['Registration']"},"path":"/datasets/@{encodeURIComponent(encodeURIComponent('https://m365x218982.sharepoint.com/sites/M365LP'))}/tables/@{encodeURIComponent(encodeURIComponent('d24f192b-c7c5-44cc-8957-1730c26edd8f'))}/items","authentication":{"type":"Raw","value":"@json(decodeBase64(triggerOutputs().headers['X-MS-APIM-Tokens']))['$ConnectionKey']"}}}},"runAfter":{"Get_rows":["Succeeded"]},"type":"Foreach"},"Get_items":{"runAfter":{},"metadata":{"flowSystemMetadata":{"swaggerOperationId":"GetItems"}},"type":"ApiConnection","inputs":{"host":{"connection":{"name":"@json(decodeBase64(triggerOutputs().headers['X-MS-APIM-Tokens']))['$connections']['shared_sharepointonline']['connectionId']"},"api":{"runtimeUrl":"https://unitedstates-002.azure-apim.net/apim/sharepointonline"}},"method":"get","path":"/datasets/@{encodeURIComponent(encodeURIComponent('https://m365x218982.sharepoint.com/sites/M365LP'))}/tables/@{encodeURIComponent(encodeURIComponent('d24f192b-c7c5-44cc-8957-1730c26edd8f'))}/items","authentication":{"type":"Raw","value":"@json(decodeBase64(triggerOutputs().headers['X-MS-APIM-Tokens']))['$ConnectionKey']"}}},"Delete_SPO_List":{"foreach":"@body('Get_items')?['value']","actions":{"Delete_item":{"runAfter":{},"metadata":{"flowSystemMetadata":{"swaggerOperationId":"DeleteItem"}},"type":"ApiConnection","inputs":{"host":{"connection":{"name":"@json(decodeBase64(triggerOutputs().headers['X-MS-APIM-Tokens']))['$connections']['shared_sharepointonline']['connectionId']"},"api":{"runtimeUrl":"https://unitedstates-002.azure-apim.net/apim/sharepointonline"}},"method":"delete","path":"/datasets/@{encodeURIComponent(encodeURIComponent('https://m365x218982.sharepoint.com/sites/M365LP'))}/tables/@{encodeURIComponent(encodeURIComponent('d24f192b-c7c5-44cc-8957-1730c26edd8f'))}/items/@{encodeURIComponent(items('Delete_SPO_List')?['ID'])}","authentication":{"type":"Raw","value":"@json(decodeBase64(triggerOutputs().headers['X-MS-APIM-Tokens']))['$ConnectionKey']"}}}},"runAfter":{"Get_items":["Succeeded"]},"type":"Foreach"}},"outputs":{},"description":"Copy data from an Excel spreadsheet to a SharePoint list. The Excel data must live in a table. To learn more about creating tables, refer to https://support.office.com/en-us/article/create-or-delete-an-excel-table-e81aa349-b006-4f8a-9806-5af9df0ac664."},"connectionReferences":{"shared_excel_1":{"connectionName":"shared-excel-6e308e80-0854-454a-9007-4499-fa4288ae","source":"Invoker","id":"/providers/Microsoft.PowerApps/apis/shared_excel","tier":"NotSpecified"},"shared_sharepointonline":{"connectionName":"shared-sharepointonl-7c51d226-8f10-4664-8985-6cc7-e7e51750","source":"Invoker","id":"/providers/Microsoft.PowerApps/apis/shared_sharepointonline","tier":"NotSpecified"}},"flowFailureAlertSubscribed":false}}